adrianne13-meet, MEET-YL1, Y1A
ariel13-meet, MEET-YL1, Y1A
eli13-meet, MEET-YL1, Y1A
gilad13-meet, MEET-YL1, Y1A
jinan13-meet, MEET-YL1, Y1A
maraht13-meet, MEET-YL1, Y1A
maraha13-meet, MEET-YL1, Y1A
matthew13-meet, MEET-YL1, Y1A
maya13-meet, MEET-YL1, Y1A
moshe13-meet, MEET-YL1, Y1A
nicole13-meet, MEET-YL1, Y1A
rami13-meet, MEET-YL1, Y1A
shirs13-meet, MEET-YL1, Y1A
talia13-meet, MEET-YL1, Y1A
tamer13-meet, MEET-YL1, Y1A
veronica13-meet, MEET-YL1, Y1A
yael13-meet, MEET-YL1, Y1A
yoni13-meet, MEET-YL1, Y1A
almog13-meet, MEET-YL1, Y1B
amit13-meet, MEET-YL1, Y1B
aseel13-meet, MEET-YL1, Y1B
aseelr13-meet, MEET-YL1, Y1B
brit13-meet, MEET-YL1, Y1B
eden13-meet, MEET-YL1, Y1B
hadar13-meet, MEET-YL1, Y1B
itay13-meet, MEET-YL1, Y1B
leen13-meet, MEET-YL1, Y1B
lubna13-meet, MEET-YL1, Y1B
maor13-meet, MEET-YL1, Y1B
mouhammad13-meet, MEET-YL1, Y1B
ophir13-meet, MEET-YL1, Y1B
omar13-meet, MEET-YL1, Y1B
roni13-meet, MEET-YL1, Y1B
rosalie13-meet, MEET-YL1, Y1B
saeed15, MEET-YL1, Y1B
waseem13-meet, MEET-YL1, Y1B
yana13-meet, MEET-YL1, Y1B
amir13-meet, MEET-YL1, Y1N
azeez13-meet, MEET-YL1, Y1N
bahjat13-meet, MEET-YL1, Y1N
carmel13-meet, MEET-YL1, Y1N
hadas13-meet, MEET-YL1, Y1N
hashem13-meet, MEET-YL1, Y1N
jawad13-meet, MEET-YL1, Y1N
jennifer13-meet, MEET-YL1, Y1N
jiana13-meet, MEET-YL1, Y1N
kim13-meet, MEET-YL1, Y1N
lana13-meet, MEET-YL1, Y1N
liron13-meet, MEET-YL1, Y1N
maira13-meet, MEET-YL1, Y1N
miko13-meet, MEET-YL1, Y1N
monther13-meet, MEET-YL1, Y1N
moran13-meet, MEET-YL1, Y1N
nitzan13-meet, MEET-YL1, Y1N
ofec13-meet, MEET-YL1, Y1N
saleh13-meet, MEET-YL1, Y1N
shadii13-meet, MEET-YL1, Y1N
shahd13-meet, MEET-YL1, Y1N
shirk13-meet, MEET-YL1, Y1N
shoval13-meet, MEET-YL1, Y1N
sireenh13-meet, MEET-YL1, Y1N
sireenha13-meet, MEET-YL1, Y1N
tibah13-meet, MEET-YL1, Y1N
tsach13-meet, MEET-YL1, Y1N
wassim13-meet, MEET-YL1, Y1N
ziv13-meet, MEET-YL1, Y1N
angelina12-meet, MEET-YL2, Y2A
costas12-meet, MEET-YL2, Y2A
ido12-meet, MEET-YL2, Y2A
kais12-meet, MEET-YL2, Y2A
kochava12-meet, MEET-YL2, Y2A
nadeen12-meet, MEET-YL2, Y2A
nadine12-meet, MEET-YL2, Y2A
natalie12-meet, MEET-YL2, Y2A
nina12-meet, MEET-YL2, Y2A
omar12-meet, MEET-YL2, Y2A
omri12-meet, MEET-YL2, Y2A
revital12-meet, MEET-YL2, Y2A
ronl12-meet, MEET-YL2, Y2A
sagi12-meet, MEET-YL2, Y2A
waseem12-meet, MEET-YL2, Y2A
yarden12-meet, MEET-YL2, Y2A
yasmine12-meet, MEET-YL2, Y2A
adam12-meet, MEET-YL2, Y2B
ameena12-meet, MEET-YL2, Y2B
ammar12-meet, MEET-YL2, Y2B
anatko12-meet, MEET-YL2, Y2B
avivb12-meet, MEET-YL2, Y2B
avivk12-meet, MEET-YL2, Y2B
dana12-meet, MEET-YL2, Y2B
dania12-meet, MEET-YL2, Y2B
dialla12-meet, MEET-YL2, Y2B
donna12-meet, MEET-YL2, Y2B
galw12-meet, MEET-YL2, Y2B
haitham12-meet, MEET-YL2, Y2B
hind12-meet, MEET-YL2, Y2B
idan12-meet, MEET-YL2, Y2B
iyas12-meet, MEET-YL2, Y2B
jumana12-meet, MEET-YL2, Y2B
natali12-meet, MEET-YL2, Y2B
nizar12-meet, MEET-YL2, Y2B
noga12-meet, MEET-YL2, Y2B
ohad12-meet, MEET-YL2, Y2B
roni12-meet, MEET-YL2, Y2B
shlomi12-meet, MEET-YL2, Y2B
aseela12-meet, MEET-YL2, Y2N
aseelk12-meet, MEET-YL2, Y2N
hanna12-meet, MEET-YL2, Y2N
kaiser12-meet, MEET-YL2, Y2N
mai12-meet, MEET-YL2, Y2N
marah12-meet, MEET-YL2, Y2N
moran12-meet, MEET-YL2, Y2N
noyg12-meet, MEET-YL2, Y2N
razan12-meet, MEET-YL2, Y2N
roi12-meet, MEET-YL2, Y2N
saja12-meet, MEET-YL2, Y2N
zidane12-meet, MEET-YL2, Y2N
dean13-meet, MEET-YL1, Abroad
anas13, MEET-YL1, Abroad